{
  "meta": {
    "type": "sharpsheet",
    "version": "1",
    "app": "https://github.com/cpietsch/sharpsheet"
  },
  "spritesheets": [
    {
      "image": "sprite-2048-0.jpg",
      "sprites": [
        {
          "name": "00f9a23bf24da245e48da83eb1f1d12a",
          "position": {
            "x": 1,
            "y": 1
          },
          "dimension": {
            "w": 153,
            "h": 224
          }
        },
        {
          "name": "0188b31b5a8c8052b56fecb7aaf28312",
          "position": {
            "x": 156,
            "y": 1
          },
          "dimension": {
            "w": 193,
            "h": 224
          }
        },
        {
          "name": "0190408e9815272483f3f6f186a21d65",
          "position": {
            "x": 351,
            "y": 1
          },
          "dimension": {
            "w": 178,
            "h": 224
          }
        },
        {
          "name": "0481abb28033fdf15a245fd49bb9719f",
          "position": {
            "x": 531,
            "y": 1
          },
          "dimension": {
            "w": 173,
            "h": 224
          }
        },
        {
          "name": "04acc06f0da2b3c4cb4273ccf3b1a398",
          "position": {
            "x": 706,
            "y": 1
          },
          "dimension": {
            "w": 184,
            "h": 224
          }
        },
        {
          "name": "04b8b1149609f3016ee0fc7e9cd722ae",
          "position": {
            "x": 892,
            "y": 1
          },
          "dimension": {
            "w": 142,
            "h": 224
          }
        },
        {
          "name": "073480f58b6bfe261497ec39bb32f45a",
          "position": {
            "x": 1036,
            "y": 1
          },
          "dimension": {
            "w": 213,
            "h": 224
          }
        },
        {
          "name": "073f12ed615a2ba3bb1c907c7a1aba27",
          "position": {
            "x": 1251,
            "y": 1
          },
          "dimension": {
            "w": 183,
            "h": 224
          }
        },
        {
          "name": "0913c9fe9eddd30478ef06bc7178da84",
          "position": {
            "x": 1436,
            "y": 1
          },
          "dimension": {
            "w": 170,
            "h": 224
          }
        },
        {
          "name": "0a31a3a2db774c200ce3e1eaa391af78",
          "position": {
            "x": 1608,
            "y": 1
          },
          "dimension": {
            "w": 214,
            "h": 224
          }
        },
        {
          "name": "0e3111da0a43f0b33fd81e389280f4fb",
          "position": {
            "x": 1824,
            "y": 1
          },
          "dimension": {
            "w": 161,
            "h": 224
          }
        },
        {
          "name": "0f2e4601e9a3610128f1dba20818124b",
          "position": {
            "x": 1,
            "y": 227
          },
          "dimension": {
            "w": 164,
            "h": 224
          }
        },
        {
          "name": "10b2f71975989305593f93c8987536b7",
          "position": {
            "x": 167,
            "y": 227
          },
          "dimension": {
            "w": 169,
            "h": 224
          }
        },
        {
          "name": "123801839d673186e1c66a96058a3c93",
          "position": {
            "x": 338,
            "y": 227
          },
          "dimension": {
            "w": 212,
            "h": 224
          }
        },
        {
          "name": "1332acfd8a51c13ee72b2782694aa368",
          "position": {
            "x": 552,
            "y": 227
          },
          "dimension": {
            "w": 170,
            "h": 224
          }
        },
        {
          "name": "15f6d3a66368bb35e19ce74e972e8dae",
          "position": {
            "x": 724,
            "y": 227
          },
          "dimension": {
            "w": 178,
            "h": 224
          }
        },
        {
          "name": "162d89a3ff77c8888aedff64bc6f15ff",
          "position": {
            "x": 904,
            "y": 227
          },
          "dimension": {
            "w": 179,
            "h": 224
          }
        },
        {
          "name": "1766a5afb66526952d11a30597d01b9c",
          "position": {
            "x": 1085,
            "y": 227
          },
          "dimension": {
            "w": 213,
            "h": 224
          }
        },
        {
          "name": "180c5d02ab3345f0d9d1833928977191",
          "position": {
            "x": 1300,
            "y": 227
          },
          "dimension": {
            "w": 174,
            "h": 224
          }
        },
        {
          "name": "1acb5410a116cf2cdbe6b978ab5511d5",
          "position": {
            "x": 1476,
            "y": 227
          },
          "dimension": {
            "w": 221,
            "h": 224
          }
        },
        {
          "name": "2136b9a029db63791ee12aa57f1668bc",
          "position": {
            "x": 1699,
            "y": 227
          },
          "dimension": {
            "w": 162,
            "h": 224
          }
        },
        {
          "name": "23986f1d60b71055ef5070cbca7755f1",
          "position": {
            "x": 1863,
            "y": 227
          },
          "dimension": {
            "w": 182,
            "h": 224
          }
        },
        {
          "name": "24b6478c91b40351a6d55af582ead794",
          "position": {
            "x": 1,
            "y": 453
          },
          "dimension": {
            "w": 199,
            "h": 224
          }
        },
        {
          "name": "265e1940220b0a9420ddf70cec72692c",
          "position": {
            "x": 202,
            "y": 453
          },
          "dimension": {
            "w": 142,
            "h": 224
          }
        },
        {
          "name": "26726abf1509baef0595f682f40a8601",
          "position": {
            "x": 346,
            "y": 453
          },
          "dimension": {
            "w": 175,
            "h": 224
          }
        },
        {
          "name": "2708fd4b559cf531c9291dbd5514f6de",
          "position": {
            "x": 523,
            "y": 453
          },
          "dimension": {
            "w": 213,
            "h": 224
          }
        },
        {
          "name": "29d527fbfbc6e046c1a663f5c017f7a7",
          "position": {
            "x": 738,
            "y": 453
          },
          "dimension": {
            "w": 200,
            "h": 224
          }
        },
        {
          "name": "2b598003554ab79cc7299cf7a9bc6897",
          "position": {
            "x": 940,
            "y": 453
          },
          "dimension": {
            "w": 180,
            "h": 224
          }
        },
        {
          "name": "325bce079e558ed01a88358078ad030e",
          "position": {
            "x": 1122,
            "y": 453
          },
          "dimension": {
            "w": 173,
            "h": 224
          }
        },
        {
          "name": "32a0f5c8beb2e95a9b2156d849faa6d7",
          "position": {
            "x": 1297,
            "y": 453
          },
          "dimension": {
            "w": 173,
            "h": 224
          }
        },
        {
          "name": "35ec511f97e2d6e369c6e0c63084a461",
          "position": {
            "x": 1472,
            "y": 453
          },
          "dimension": {
            "w": 213,
            "h": 224
          }
        },
        {
          "name": "36e11419652c13cab8c156e8b2059464",
          "position": {
            "x": 1687,
            "y": 453
          },
          "dimension": {
            "w": 155,
            "h": 224
          }
        },
        {
          "name": "381452b3f5652207ebe36315798a5921",
          "position": {
            "x": 1844,
            "y": 453
          },
          "dimension": {
            "w": 183,
            "h": 224
          }
        },
        {
          "name": "3c6d453c221a2f6a87b817bd6e926823",
          "position": {
            "x": 1,
            "y": 679
          },
          "dimension": {
            "w": 173,
            "h": 224
          }
        },
        {
          "name": "3e17f138a0429b585805bbb254895b26",
          "position": {
            "x": 176,
            "y": 679
          },
          "dimension": {
            "w": 173,
            "h": 224
          }
        },
        {
          "name": "3e9776b36e1074f71cf1b96294683b8f",
          "position": {
            "x": 351,
            "y": 679
          },
          "dimension": {
            "w": 136,
            "h": 224
          }
        },
        {
          "name": "3f87ad1e9dcedf4e4f5022135b74470e",
          "position": {
            "x": 489,
            "y": 679
          },
          "dimension": {
            "w": 179,
            "h": 224
          }
        },
        {
          "name": "41182f16a24aca5a62b5f94147a36ef1",
          "position": {
            "x": 670,
            "y": 679
          },
          "dimension": {
            "w": 182,
            "h": 224
          }
        },
        {
          "name": "457b981714133969e104805b72a1e04c",
          "position": {
            "x": 854,
            "y": 679
          },
          "dimension": {
            "w": 163,
            "h": 224
          }
        },
        {
          "name": "48fb794bec4678bcafbe126d69fd4409",
          "position": {
            "x": 1019,
            "y": 679
          },
          "dimension": {
            "w": 166,
            "h": 224
          }
        },
        {
          "name": "4b1d49986ed2980aa99183f0fc52d506",
          "position": {
            "x": 1187,
            "y": 679
          },
          "dimension": {
            "w": 146,
            "h": 224
          }
        },
        {
          "name": "4e0244df76d05b60363977c8727811dc",
          "position": {
            "x": 1335,
            "y": 679
          },
          "dimension": {
            "w": 177,
            "h": 224
          }
        },
        {
          "name": "5320b3604f11c5f76bc7fde1f79197f5",
          "position": {
            "x": 1514,
            "y": 679
          },
          "dimension": {
            "w": 173,
            "h": 224
          }
        },
        {
          "name": "553ee3ef934fff5bc0ecf5aec117dcdc",
          "position": {
            "x": 1689,
            "y": 679
          },
          "dimension": {
            "w": 164,
            "h": 224
          }
        },
        {
          "name": "55c215027b879ff093b527a037dde5f2",
          "position": {
            "x": 1855,
            "y": 679
          },
          "dimension": {
            "w": 154,
            "h": 224
          }
        },
        {
          "name": "56cb8ed3a11723d414a1fb8678a2049a",
          "position": {
            "x": 1,
            "y": 905
          },
          "dimension": {
            "w": 178,
            "h": 224
          }
        },
        {
          "name": "57aa5970c6a06b4e5c38f388910f0b4d",
          "position": {
            "x": 181,
            "y": 905
          },
          "dimension": {
            "w": 180,
            "h": 224
          }
        },
        {
          "name": "584f828dd8257e081e3871fefda7b48d",
          "position": {
            "x": 363,
            "y": 905
          },
          "dimension": {
            "w": 158,
            "h": 224
          }
        },
        {
          "name": "58c2cf389665142659e71acdf2834f4a",
          "position": {
            "x": 523,
            "y": 905
          },
          "dimension": {
            "w": 154,
            "h": 224
          }
        },
        {
          "name": "593a17671cbf1f661b5457655d1b554a",
          "position": {
            "x": 679,
            "y": 905
          },
          "dimension": {
            "w": 159,
            "h": 224
          }
        },
        {
          "name": "5bd12602d65711681a556950142344b0",
          "position": {
            "x": 840,
            "y": 905
          },
          "dimension": {
            "w": 124,
            "h": 224
          }
        },
        {
          "name": "5d2d37b93d1fc503d9c9f9abf5178d6f",
          "position": {
            "x": 966,
            "y": 905
          },
          "dimension": {
            "w": 173,
            "h": 224
          }
        },
        {
          "name": "653a3db6b3af133fd9690cd795916830",
          "position": {
            "x": 1141,
            "y": 905
          },
          "dimension": {
            "w": 189,
            "h": 224
          }
        },
        {
          "name": "653fe189fb331b31c7f9e78fb193a6b3",
          "position": {
            "x": 1332,
            "y": 905
          },
          "dimension": {
            "w": 177,
            "h": 224
          }
        },
        {
          "name": "65829b9bd82661275ff6088a726f1082",
          "position": {
            "x": 1511,
            "y": 905
          },
          "dimension": {
            "w": 139,
            "h": 224
          }
        },
        {
          "name": "66c462d61e7f1f4d3033d95b9b7312c2",
          "position": {
            "x": 1652,
            "y": 905
          },
          "dimension": {
            "w": 165,
            "h": 224
          }
        },
        {
          "name": "69cc39f75f3b9bf3fe3912fdb238351b",
          "position": {
            "x": 1819,
            "y": 905
          },
          "dimension": {
            "w": 213,
            "h": 224
          }
        },
        {
          "name": "6eb561ec692babad2033f4358ee0840c",
          "position": {
            "x": 1,
            "y": 1131
          },
          "dimension": {
            "w": 217,
            "h": 224
          }
        },
        {
          "name": "6f28966bf6e0b9ac27486a7ebeb1b7cf",
          "position": {
            "x": 220,
            "y": 1131
          },
          "dimension": {
            "w": 192,
            "h": 224
          }
        },
        {
          "name": "70a24a740b12d0e99bc9bba782e561b5",
          "position": {
            "x": 414,
            "y": 1131
          },
          "dimension": {
            "w": 173,
            "h": 224
          }
        },
        {
          "name": "7450c2901c31bba458ab4f096879c6e6",
          "position": {
            "x": 589,
            "y": 1131
          },
          "dimension": {
            "w": 175,
            "h": 224
          }
        },
        {
          "name": "7560e428d9b9aead69c8f8d6ea081010",
          "position": {
            "x": 766,
            "y": 1131
          },
          "dimension": {
            "w": 167,
            "h": 224
          }
        },
        {
          "name": "784f62e563de085b568b60281c32d861",
          "position": {
            "x": 935,
            "y": 1131
          },
          "dimension": {
            "w": 176,
            "h": 224
          }
        },
        {
          "name": "78c2e4ad81b3c2139750f68992ab2349",
          "position": {
            "x": 1113,
            "y": 1131
          },
          "dimension": {
            "w": 158,
            "h": 224
          }
        },
        {
          "name": "7e2c3381096b63dc8b6cd13b328c7078",
          "position": {
            "x": 1273,
            "y": 1131
          },
          "dimension": {
            "w": 166,
            "h": 224
          }
        },
        {
          "name": "7feed71ab98a3cc80c5de4179272145c",
          "position": {
            "x": 1441,
            "y": 1131
          },
          "dimension": {
            "w": 171,
            "h": 224
          }
        },
        {
          "name": "80d89cc2ff6fb551ef72e5bc28e13840",
          "position": {
            "x": 1614,
            "y": 1131
          },
          "dimension": {
            "w": 193,
            "h": 224
          }
        },
        {
          "name": "87f7d9fdb3e478ddb382e2273f89e80c",
          "position": {
            "x": 1809,
            "y": 1131
          },
          "dimension": {
            "w": 201,
            "h": 224
          }
        },
        {
          "name": "884809513e9047234f54f74221101949",
          "position": {
            "x": 1,
            "y": 1357
          },
          "dimension": {
            "w": 145,
            "h": 224
          }
        },
        {
          "name": "89c3877e3f8e0113460b7cf7979173e3",
          "position": {
            "x": 148,
            "y": 1357
          },
          "dimension": {
            "w": 177,
            "h": 224
          }
        },
        {
          "name": "8dad9519c7441f536617c4a66be2ad70",
          "position": {
            "x": 327,
            "y": 1357
          },
          "dimension": {
            "w": 207,
            "h": 224
          }
        },
        {
          "name": "91879b2369ce2426417bd563a20de6e8",
          "position": {
            "x": 536,
            "y": 1357
          },
          "dimension": {
            "w": 157,
            "h": 224
          }
        },
        {
          "name": "91d786522fe65812bef3f6a68b0ff069",
          "position": {
            "x": 695,
            "y": 1357
          },
          "dimension": {
            "w": 213,
            "h": 224
          }
        },
        {
          "name": "9214ed0f003fd4919ea791671e54d0fe",
          "position": {
            "x": 910,
            "y": 1357
          },
          "dimension": {
            "w": 164,
            "h": 224
          }
        },
        {
          "name": "93db8db12404f5c2f79d39f3e4610cc2",
          "position": {
            "x": 1076,
            "y": 1357
          },
          "dimension": {
            "w": 173,
            "h": 224
          }
        },
        {
          "name": "972ef2190a394168997d484ae121034e",
          "position": {
            "x": 1251,
            "y": 1357
          },
          "dimension": {
            "w": 134,
            "h": 224
          }
        },
        {
          "name": "97807d8664492b9f332888b55c88cc11",
          "position": {
            "x": 1387,
            "y": 1357
          },
          "dimension": {
            "w": 99,
            "h": 224
          }
        },
        {
          "name": "9807478263f8a067abad10650838b179",
          "position": {
            "x": 1488,
            "y": 1357
          },
          "dimension": {
            "w": 167,
            "h": 224
          }
        },
        {
          "name": "985adcc5c1417d551068185c61a4b5a4",
          "position": {
            "x": 1657,
            "y": 1357
          },
          "dimension": {
            "w": 176,
            "h": 224
          }
        },
        {
          "name": "998da391bc563a0d91cab9bd52b3a1f3",
          "position": {
            "x": 1835,
            "y": 1357
          },
          "dimension": {
            "w": 167,
            "h": 224
          }
        },
        {
          "name": "9e3b8780e7a495ec2d25cf304d6df820",
          "position": {
            "x": 1,
            "y": 1583
          },
          "dimension": {
            "w": 153,
            "h": 224
          }
        },
        {
          "name": "9efae5de51e7fe6eddb4cf7925750de3",
          "position": {
            "x": 156,
            "y": 1583
          },
          "dimension": {
            "w": 197,
            "h": 224
          }
        },
        {
          "name": "a5dca8eaa51be700fb9fdf7a552fbc0a",
          "position": {
            "x": 355,
            "y": 1583
          },
          "dimension": {
            "w": 173,
            "h": 224
          }
        },
        {
          "name": "ac07302efe392cd8eba90c6fbff54b2a",
          "position": {
            "x": 530,
            "y": 1583
          },
          "dimension": {
            "w": 162,
            "h": 224
          }
        },
        {
          "name": "ad3250ccaa54dfadeea10d8bb6014b13",
          "position": {
            "x": 694,
            "y": 1583
          },
          "dimension": {
            "w": 158,
            "h": 224
          }
        },
        {
          "name": "b3afa5c11149d00715cba722f61354bc",
          "position": {
            "x": 854,
            "y": 1583
          },
          "dimension": {
            "w": 157,
            "h": 224
          }
        },
        {
          "name": "b73f6789ba33ceb42edb77deb2a6ed52",
          "position": {
            "x": 1013,
            "y": 1583
          },
          "dimension": {
            "w": 174,
            "h": 224
          }
        },
        {
          "name": "b81ae263722ac84804fce2baedab51e0",
          "position": {
            "x": 1189,
            "y": 1583
          },
          "dimension": {
            "w": 154,
            "h": 224
          }
        },
        {
          "name": "b9e51c0d9b1226b547cb2b064472a4bd",
          "position": {
            "x": 1987,
            "y": 1
          },
          "dimension": {
            "w": 49,
            "h": 224
          }
        },
        {
          "name": "ba1a38e8ec574c56061d9d2b77cede80",
          "position": {
            "x": 1345,
            "y": 1583
          },
          "dimension": {
            "w": 170,
            "h": 224
          }
        },
        {
          "name": "bb32ca0b99ebea17f63513a82c66b9bf",
          "position": {
            "x": 1517,
            "y": 1583
          },
          "dimension": {
            "w": 179,
            "h": 224
          }
        },
        {
          "name": "bb495725a56c94c850dc49ddfae2c8f7",
          "position": {
            "x": 1698,
            "y": 1583
          },
          "dimension": {
            "w": 178,
            "h": 224
          }
        },
        {
          "name": "bb637aa3b819b9a08a05bb272919e2a5",
          "position": {
            "x": 1,
            "y": 1809
          },
          "dimension": {
            "w": 213,
            "h": 224
          }
        },
        {
          "name": "bcb54bc699c913924d6dc3e37bb96a8b",
          "position": {
            "x": 1878,
            "y": 1583
          },
          "dimension": {
            "w": 151,
            "h": 224
          }
        },
        {
          "name": "bcc25afc85937ae25f8678353d5476ee",
          "position": {
            "x": 216,
            "y": 1809
          },
          "dimension": {
            "w": 177,
            "h": 224
          }
        },
        {
          "name": "bfa46f8452cf3fca4a2d8b2fc64247da",
          "position": {
            "x": 395,
            "y": 1809
          },
          "dimension": {
            "w": 175,
            "h": 224
          }
        },
        {
          "name": "c43cad5448fe4267917324ea217651fa",
          "position": {
            "x": 572,
            "y": 1809
          },
          "dimension": {
            "w": 213,
            "h": 224
          }
        },
        {
          "name": "cb728d272ecc5633b4bdc7523f18b47e",
          "position": {
            "x": 787,
            "y": 1809
          },
          "dimension": {
            "w": 164,
            "h": 224
          }
        },
        {
          "name": "ce743a3523ce196c03054d3f9ab100e2",
          "position": {
            "x": 953,
            "y": 1809
          },
          "dimension": {
            "w": 213,
            "h": 224
          }
        },
        {
          "name": "d24f6a36fc9a716e42951af5568e5e02",
          "position": {
            "x": 1168,
            "y": 1809
          },
          "dimension": {
            "w": 177,
            "h": 224
          }
        },
        {
          "name": "d2911986b069d583697582da0478541c",
          "position": {
            "x": 1347,
            "y": 1809
          },
          "dimension": {
            "w": 142,
            "h": 224
          }
        },
        {
          "name": "d2edfef69047c3fbb31c115803678c55",
          "position": {
            "x": 1491,
            "y": 1809
          },
          "dimension": {
            "w": 135,
            "h": 224
          }
        },
        {
          "name": "d3c39ce34da479808485435a16668e0e",
          "position": {
            "x": 1628,
            "y": 1809
          },
          "dimension": {
            "w": 173,
            "h": 224
          }
        },
        {
          "name": "d541645868e6875cac462f284b75dafe",
          "position": {
            "x": 1803,
            "y": 1809
          },
          "dimension": {
            "w": 142,
            "h": 224
          }
        },
        {
          "name": "ea7a0751c54dc5b24ba89c5442af8e3c",
          "position": {
            "x": 1947,
            "y": 1809
          },
          "dimension": {
            "w": 81,
            "h": 224
          }
        }
      ]
    },
    {
      "image": "sprite-2048-1.jpg",
      "sprites": [
        {
          "name": "dc7a9515786c76adc8e5922f352a8d86",
          "position": {
            "x": 1,
            "y": 1
          },
          "dimension": {
            "w": 170,
            "h": 224
          }
        },
        {
          "name": "e0fc147ecce4dc904b5ab4a46cc59a37",
          "position": {
            "x": 173,
            "y": 1
          },
          "dimension": {
            "w": 172,
            "h": 224
          }
        },
        {
          "name": "e1b1da38b42f9acfc0e5b6298e451b46",
          "position": {
            "x": 347,
            "y": 1
          },
          "dimension": {
            "w": 168,
            "h": 224
          }
        },
        {
          "name": "e46ef733d7e30880b786ffb7dd86b1dd",
          "position": {
            "x": 517,
            "y": 1
          },
          "dimension": {
            "w": 213,
            "h": 224
          }
        },
        {
          "name": "ebf237e122dd36e4cf2e83aa4ae23e51",
          "position": {
            "x": 732,
            "y": 1
          },
          "dimension": {
            "w": 213,
            "h": 224
          }
        },
        {
          "name": "ecd45f951a3e59aebf187d5a501131af",
          "position": {
            "x": 947,
            "y": 1
          },
          "dimension": {
            "w": 173,
            "h": 224
          }
        },
        {
          "name": "ef3ac25997ab187aae49bd209ea3c28a",
          "position": {
            "x": 1122,
            "y": 1
          },
          "dimension": {
            "w": 174,
            "h": 224
          }
        },
        {
          "name": "f4fab53f91f4b6b1c7b44d92f27930d6",
          "position": {
            "x": 1298,
            "y": 1
          },
          "dimension": {
            "w": 174,
            "h": 224
          }
        },
        {
          "name": "f5107a60990eca91652892a872818666",
          "position": {
            "x": 1474,
            "y": 1
          },
          "dimension": {
            "w": 177,
            "h": 224
          }
        },
        {
          "name": "f7430e95c6c56cfa052412374ad21af0",
          "position": {
            "x": 1653,
            "y": 1
          },
          "dimension": {
            "w": 166,
            "h": 224
          }
        },
        {
          "name": "f940a99654481e303c1135ca9daf21e2",
          "position": {
            "x": 1821,
            "y": 1
          },
          "dimension": {
            "w": 160,
            "h": 224
          }
        },
        {
          "name": "fc08043cc6fb9d158ad7bdb84627145f",
          "position": {
            "x": 1,
            "y": 227
          },
          "dimension": {
            "w": 161,
            "h": 224
          }
        },
        {
          "name": "fe21b6eee621064119c56363552c5dc5",
          "position": {
            "x": 164,
            "y": 227
          },
          "dimension": {
            "w": 134,
            "h": 224
          }
        },
        {
          "name": "0750fb1e7c48f3c4f03a94d3a2720952",
          "position": {
            "x": 300,
            "y": 227
          },
          "dimension": {
            "w": 175,
            "h": 223
          }
        },
        {
          "name": "384e6bde955c19d5acb518cb78f5f48d",
          "position": {
            "x": 477,
            "y": 227
          },
          "dimension": {
            "w": 189,
            "h": 223
          }
        },
        {
          "name": "3ad13b69b51636f9118f47f9eb214c82",
          "position": {
            "x": 668,
            "y": 227
          },
          "dimension": {
            "w": 196,
            "h": 223
          }
        },
        {
          "name": "3e0816a4972490371a5be7e8e8f63119",
          "position": {
            "x": 866,
            "y": 227
          },
          "dimension": {
            "w": 176,
            "h": 223
          }
        },
        {
          "name": "4e6012a5d672d15f830a0ae783cb4a78",
          "position": {
            "x": 1044,
            "y": 227
          },
          "dimension": {
            "w": 176,
            "h": 223
          }
        },
        {
          "name": "689b00c809c061492ec539c4769fa713",
          "position": {
            "x": 1222,
            "y": 227
          },
          "dimension": {
            "w": 224,
            "h": 223
          }
        },
        {
          "name": "7794646061c3abb9ba3447f456a74598",
          "position": {
            "x": 1448,
            "y": 227
          },
          "dimension": {
            "w": 224,
            "h": 223
          }
        },
        {
          "name": "7e306b567c19a2fee63a5a88d361a316",
          "position": {
            "x": 1674,
            "y": 227
          },
          "dimension": {
            "w": 166,
            "h": 223
          }
        },
        {
          "name": "89ca9f65821ca283c0c678d24521737d",
          "position": {
            "x": 1842,
            "y": 227
          },
          "dimension": {
            "w": 184,
            "h": 223
          }
        },
        {
          "name": "9443439e8223089df1f2126eed75e4a4",
          "position": {
            "x": 1,
            "y": 453
          },
          "dimension": {
            "w": 224,
            "h": 223
          }
        },
        {
          "name": "a1fb9763eece18e2814da1800c4db709",
          "position": {
            "x": 227,
            "y": 453
          },
          "dimension": {
            "w": 150,
            "h": 223
          }
        },
        {
          "name": "ac25b4eb0ce85539128a7ef561b7247b",
          "position": {
            "x": 379,
            "y": 453
          },
          "dimension": {
            "w": 224,
            "h": 223
          }
        },
        {
          "name": "b4729ba7a496d427f2662d4ae8a9f98d",
          "position": {
            "x": 605,
            "y": 453
          },
          "dimension": {
            "w": 176,
            "h": 223
          }
        },
        {
          "name": "b62a664bd93833c6140e24e675e7cda2",
          "position": {
            "x": 783,
            "y": 453
          },
          "dimension": {
            "w": 192,
            "h": 223
          }
        },
        {
          "name": "b70556274658bb72f237c0553ce51ee9",
          "position": {
            "x": 977,
            "y": 453
          },
          "dimension": {
            "w": 167,
            "h": 223
          }
        },
        {
          "name": "f5641953f2a5c620a0b2c6d2f88ae28a",
          "position": {
            "x": 1146,
            "y": 453
          },
          "dimension": {
            "w": 224,
            "h": 223
          }
        },
        {
          "name": "4b0cb1554df0091291727814a79ca13a",
          "position": {
            "x": 1372,
            "y": 453
          },
          "dimension": {
            "w": 224,
            "h": 222
          }
        },
        {
          "name": "f556721b5aab87d84e18cc01aae47adf",
          "position": {
            "x": 1598,
            "y": 453
          },
          "dimension": {
            "w": 224,
            "h": 221
          }
        },
        {
          "name": "13f18b94e11823c60e0dcb0af84e6524",
          "position": {
            "x": 1,
            "y": 678
          },
          "dimension": {
            "w": 224,
            "h": 220
          }
        },
        {
          "name": "7d295eef9a14d66dabc44fc705ed5a0d",
          "position": {
            "x": 227,
            "y": 678
          },
          "dimension": {
            "w": 224,
            "h": 219
          }
        },
        {
          "name": "0b03082a7037dd8d5d069a1088015171",
          "position": {
            "x": 453,
            "y": 678
          },
          "dimension": {
            "w": 224,
            "h": 218
          }
        },
        {
          "name": "f152b41f9b6061672ef93c423109c2c6",
          "position": {
            "x": 679,
            "y": 678
          },
          "dimension": {
            "w": 223,
            "h": 216
          }
        },
        {
          "name": "3cb44de9bc4434c3b6669a76ed804b22",
          "position": {
            "x": 904,
            "y": 678
          },
          "dimension": {
            "w": 224,
            "h": 212
          }
        },
        {
          "name": "13079d91f91ed013aad06fdb30512976",
          "position": {
            "x": 1130,
            "y": 678
          },
          "dimension": {
            "w": 224,
            "h": 211
          }
        },
        {
          "name": "5ecb6708ff35f0a46ed302b23bbcc4ef",
          "position": {
            "x": 1356,
            "y": 678
          },
          "dimension": {
            "w": 224,
            "h": 194
          }
        },
        {
          "name": "ce1db0468289db43daff0f1586fea0d2",
          "position": {
            "x": 1582,
            "y": 678
          },
          "dimension": {
            "w": 224,
            "h": 193
          }
        },
        {
          "name": "32323566f3f8003df5abb2ba6fe47de5",
          "position": {
            "x": 1808,
            "y": 678
          },
          "dimension": {
            "w": 224,
            "h": 178
          }
        },
        {
          "name": "9d2a767482101439655a04e0f2e22b6c",
          "position": {
            "x": 1,
            "y": 900
          },
          "dimension": {
            "w": 224,
            "h": 178
          }
        },
        {
          "name": "a30e9e40f062b58d77c209ca52d6044f",
          "position": {
            "x": 227,
            "y": 900
          },
          "dimension": {
            "w": 224,
            "h": 178
          }
        },
        {
          "name": "73b0a43005e400964350cd0a63f1f53b",
          "position": {
            "x": 453,
            "y": 900
          },
          "dimension": {
            "w": 224,
            "h": 177
          }
        },
        {
          "name": "3bb17db6d409706a5c313a196a7b091a",
          "position": {
            "x": 679,
            "y": 900
          },
          "dimension": {
            "w": 224,
            "h": 175
          }
        },
        {
          "name": "88d5a357c33dde8dffb7fcb3be1fff63",
          "position": {
            "x": 905,
            "y": 900
          },
          "dimension": {
            "w": 224,
            "h": 175
          }
        },
        {
          "name": "ea2169f77b5c945f205040987c1705d8",
          "position": {
            "x": 1131,
            "y": 900
          },
          "dimension": {
            "w": 224,
            "h": 172
          }
        },
        {
          "name": "77d956ae03827815815b42ff15c9d3dc",
          "position": {
            "x": 1357,
            "y": 900
          },
          "dimension": {
            "w": 223,
            "h": 168
          }
        },
        {
          "name": "f8ce0174220ec87222520b10b9b7072f",
          "position": {
            "x": 1582,
            "y": 900
          },
          "dimension": {
            "w": 224,
            "h": 168
          }
        },
        {
          "name": "69766202e8de1237cdcec996dc3cf7b4",
          "position": {
            "x": 1808,
            "y": 900
          },
          "dimension": {
            "w": 224,
            "h": 166
          }
        },
        {
          "name": "4e2c8b9308771a726c616e5fb54dc899",
          "position": {
            "x": 1,
            "y": 1080
          },
          "dimension": {
            "w": 224,
            "h": 163
          }
        },
        {
          "name": "59e8670f5a683a4c9912710ccc77ed01",
          "position": {
            "x": 227,
            "y": 1080
          },
          "dimension": {
            "w": 224,
            "h": 163
          }
        },
        {
          "name": "4015dbb1178e786cabf9dd19c4a2cc9a",
          "position": {
            "x": 453,
            "y": 1080
          },
          "dimension": {
            "w": 224,
            "h": 162
          }
        },
        {
          "name": "43f0461e29fed8687494494cd4db3c1c",
          "position": {
            "x": 679,
            "y": 1080
          },
          "dimension": {
            "w": 224,
            "h": 160
          }
        },
        {
          "name": "76644520864afd672b0b362a715f1e60",
          "position": {
            "x": 905,
            "y": 1080
          },
          "dimension": {
            "w": 224,
            "h": 158
          }
        },
        {
          "name": "38dd4f01b29bf7ef1abd3a0a3f579696",
          "position": {
            "x": 1131,
            "y": 1080
          },
          "dimension": {
            "w": 224,
            "h": 153
          }
        },
        {
          "name": "dce7c4d58378f5009ad5b5c3385df26d",
          "position": {
            "x": 1357,
            "y": 1080
          },
          "dimension": {
            "w": 224,
            "h": 148
          }
        },
        {
          "name": "4c81a857ed38eaf7bcd6587d889787d4",
          "position": {
            "x": 1583,
            "y": 1080
          },
          "dimension": {
            "w": 224,
            "h": 137
          }
        },
        {
          "name": "15b0e49e3ebb9fbe0432fdc8b0142d6b",
          "position": {
            "x": 1809,
            "y": 1080
          },
          "dimension": {
            "w": 224,
            "h": 127
          }
        },
        {
          "name": "afe3aa61a8436109864a4bb3ecd07123",
          "position": {
            "x": 1824,
            "y": 453
          },
          "dimension": {
            "w": 223,
            "h": 127
          }
        },
        {
          "name": "f4e552a9c5b81fac563ae9568931d99a",
          "position": {
            "x": 1,
            "y": 1245
          },
          "dimension": {
            "w": 223,
            "h": 127
          }
        },
        {
          "name": "7b1beddb12e50d7211cd7cf1fbc2c997",
          "position": {
            "x": 226,
            "y": 1245
          },
          "dimension": {
            "w": 224,
            "h": 124
          }
        },
        {
          "name": "5f71a431fbf48a214374b3f8d5e2bdfc",
          "position": {
            "x": 452,
            "y": 1245
          },
          "dimension": {
            "w": 224,
            "h": 115
          }
        },
        {
          "name": "bc8ef2c2c2e4a54323cc0fc8012fbd3f",
          "position": {
            "x": 678,
            "y": 1245
          },
          "dimension": {
            "w": 224,
            "h": 115
          }
        },
        {
          "name": "805e3665d929e4ffe426905c42cd8b23",
          "position": {
            "x": 904,
            "y": 1245
          },
          "dimension": {
            "w": 224,
            "h": 111
          }
        },
        {
          "name": "8c699fc5b3ae02d3195d62a732868df3",
          "position": {
            "x": 1130,
            "y": 1245
          },
          "dimension": {
            "w": 224,
            "h": 109
          }
        },
        {
          "name": "e12f0a17192268fd6c10ff8ff4725b7c",
          "position": {
            "x": 1356,
            "y": 1245
          },
          "dimension": {
            "w": 224,
            "h": 104
          }
        },
        {
          "name": "0b9c384944bf2a0e53045b7854978dd3",
          "position": {
            "x": 1582,
            "y": 1245
          },
          "dimension": {
            "w": 224,
            "h": 101
          }
        },
        {
          "name": "e7b4537bfbc626e37a64b8673d503f20",
          "position": {
            "x": 1808,
            "y": 1245
          },
          "dimension": {
            "w": 224,
            "h": 98
          }
        },
        {
          "name": "ed33c6b3a27889bda221a38d2b209f4a",
          "position": {
            "x": 1,
            "y": 1374
          },
          "dimension": {
            "w": 223,
            "h": 95
          }
        },
        {
          "name": "6d2c5ad27f0b3aaf52090bbe39731d66",
          "position": {
            "x": 226,
            "y": 1374
          },
          "dimension": {
            "w": 224,
            "h": 73
          }
        },
        {
          "name": "6b897fd14994ea5c6b65e579961753fd",
          "position": {
            "x": 452,
            "y": 1374
          },
          "dimension": {
            "w": 224,
            "h": 71
          }
        },
        {
          "name": "0e4ff4ccf3bfea5d6882e9b720e4c977",
          "position": {
            "x": 678,
            "y": 1374
          },
          "dimension": {
            "w": 224,
            "h": 58
          }
        },
        {
          "name": "87c78030169c9e8450fbc3544c5a9d87",
          "position": {
            "x": 904,
            "y": 1374
          },
          "dimension": {
            "w": 224,
            "h": 58
          }
        }
      ]
    }
  ]
}